Title|id|Professor|Audit|Year|Course|Pass|Fail|Avg|Subject
microbes & socty|19683|davies, julian|0|2011|346|24|0|73.67|biol
microbes & socty|19684||0|2011|346|24|0|73.67|biol
microbes & socty|20635|davies, julian|0|2012|346|17|0|76.12|biol
microbes & socty|20636||0|2012|346|17|0|76.12|biol
microbes & socty|34376||0|2008|346|30|0|75.57|biol
microbes & socty|34377||0|2008|346|30|0|75.57|biol
microbes & socty|42213|davies, julian;kion, tracy|0|2014|346|22|0|75.32|biol
microbes & socty|42214||0|2014|346|22|0|75.32|biol
microbes & socty|54114|davies, julian|1|2010|346|26|0|73.46|biol
microbes & socty|54115||1|2010|346|26|0|73.46|biol
microbes & socty|55148|davies, julian;kion, tracy|0|2015|346|27|0|83.56|biol
microbes & socty|55149||0|2015|346|27|0|83.56|biol
microbes & socty|72149|davies, julian|0|2013|346|29|1|75.8|biol
microbes & socty|72150||0|2013|346|29|1|75.8|biol
microbes & socty|89035|davies, julian;sibley, jennifer|0|2009|346|35|1|74.39|biol
microbes & socty|89036||0|2009|346|35|1|74.39|biol
