Title|id|Professor|Audit|Year|Course|Pass|Fail|Avg|Subject
intm fnc acct ii|2254||0|2008|450|56|6|70.73|busi
intm fnc acct ii|2255||0|2008|450|47|2|71.94|busi
intm fnc acct ii|2256||0|2008|450|103|8|71.26|busi
intm fnc acct ii|11153|parker, bryan|0|2013|450|41|7|66.42|busi
intm fnc acct ii|11154|newton, sanuel|0|2013|450|14|1|62.53|busi
intm fnc acct ii|11155|parker, bryan|0|2013|450|52|5|72.09|busi
intm fnc acct ii|11156|parker, bryan|0|2013|450|57|7|70.67|busi
intm fnc acct ii|11157|parker, bryan|0|2013|450|37|5|72.31|busi
intm fnc acct ii|11158|newton, sanuel|0|2013|450|15|3|63.61|busi
intm fnc acct ii|11159||0|2013|450|216|28|69.43|busi
intm fnc acct ii|15784|parker, bryan|0|2012|450|26|3|69.93|busi
intm fnc acct ii|15785|parker, bryan|0|2012|450|22|1|68.52|busi
intm fnc acct ii|15786|parker, bryan|0|2012|450|33|6|67.77|busi
intm fnc acct ii|15787|parker, bryan|0|2012|450|59|6|71.55|busi
intm fnc acct ii|15788|parker, bryan|0|2012|450|30|4|71.65|busi
intm fnc acct ii|15789|newton, sanuel|0|2012|450|16|2|60.67|busi
intm fnc acct ii|15790||0|2012|450|186|22|69.36|busi
intm fnc acct ii|16439|parker, bryan|0|2016|450|27|3|70.07|busi
intm fnc acct ii|16440|parker, bryan|0|2016|450|28|4|67.44|busi
intm fnc acct ii|16441||0|2016|450|55|7|68.71|busi
intm fnc acct ii|16802|parker, bryan|0|2012|450|58|6|71.2|busi
intm fnc acct ii|16803|campbell, chuck|0|2012|450|43|3|71.41|busi
intm fnc acct ii|16804||0|2012|450|101|9|71.29|busi
intm fnc acct ii|16909||0|2008|450|53|3|74.36|busi
intm fnc acct ii|16910||0|2008|450|16|4|66.4|busi
intm fnc acct ii|16911||0|2008|450|34|6|67.93|busi
intm fnc acct ii|16912||0|2008|450|54|3|73.95|busi
intm fnc acct ii|16913||0|2008|450|37|5|68.43|busi
intm fnc acct ii|16914||0|2008|450|23|1|72.17|busi
intm fnc acct ii|16915||0|2008|450|221|23|71.3|busi
intm fnc acct ii|26446|parker, bryan|0|2011|450|57|7|71.19|busi
intm fnc acct ii|26447|campbell, chuck|0|2011|450|69|4|70.44|busi
intm fnc acct ii|26448||0|2011|450|126|11|70.79|busi
intm fnc acct ii|50683|parker, bryan|0|2009|450|38|2|74.48|busi
intm fnc acct ii|50684|parker, bryan|0|2009|450|23|5|63.46|busi
intm fnc acct ii|50685|parker, bryan|0|2009|450|62|9|70.96|busi
intm fnc acct ii|50686|parker, bryan|0|2009|450|55|7|72.1|busi
intm fnc acct ii|50687|parker, bryan|0|2009|450|44|3|70.81|busi
intm fnc acct ii|50688|parker, bryan|0|2009|450|17|5|61.32|busi
intm fnc acct ii|50689||0|2009|450|239|31|70.15|busi
intm fnc acct ii|65277|parker, bryan|0|2010|450|44|7|70.9|busi
intm fnc acct ii|65278|parker, bryan|0|2010|450|14|2|68.5|busi
intm fnc acct ii|65279|parker, bryan|0|2010|450|69|9|69.06|busi
intm fnc acct ii|65280|parker, bryan|0|2010|450|55|5|73.48|busi
intm fnc acct ii|65281|parker, bryan|0|2010|450|28|5|63.21|busi
intm fnc acct ii|65282|parker, bryan|0|2010|450|22|5|64.52|busi
intm fnc acct ii|65283||0|2010|450|232|33|69.19|busi
intm fnc acct ii|66801|parker, bryan|0|2014|450|46|4|69.54|busi
intm fnc acct ii|66802|bruce, robert brian|0|2014|450|38|3|69.83|busi
intm fnc acct ii|66803|parker, bryan|0|2014|450|39|5|68.82|busi
intm fnc acct ii|66804|parker, bryan|0|2014|450|46|11|69.14|busi
intm fnc acct ii|66805|parker, bryan|0|2014|450|20|5|69.84|busi
intm fnc acct ii|66806|bruce, robert brian|0|2014|450|11|0|74.82|busi
intm fnc acct ii|66807||0|2014|450|200|28|69.64|busi
intm fnc acct ii|71047|parker, bryan|0|2013|450|60|7|71.12|busi
intm fnc acct ii|71048|campbell, chuck|0|2013|450|45|0|72.47|busi
intm fnc acct ii|71049||0|2013|450|105|7|71.66|busi
intm fnc acct ii|73534|parker, bryan|0|2014|450|58|11|69.55|busi
intm fnc acct ii|73535|campbell, chuck|0|2014|450|41|1|75.76|busi
intm fnc acct ii|73536||0|2014|450|99|12|71.9|busi
intm fnc acct ii|74227|parker, bryan|0|2007|450|42|5|71.7|busi
intm fnc acct ii|74228|parker, bryan|0|2007|450|14|0|71.21|busi
intm fnc acct ii|74229|parker, bryan|0|2007|450|49|3|71|busi
intm fnc acct ii|74230|parker, bryan|0|2007|450|62|4|74.36|busi
intm fnc acct ii|74231|parker, bryan|0|2007|450|42|3|70.8|busi
intm fnc acct ii|74232||0|2007|450|211|15|72.04|busi
intm fnc acct ii|79817|parker, bryan|0|2010|450|81|6|71.26|busi
intm fnc acct ii|79818|campbell, chuck|0|2010|450|58|3|71.8|busi
intm fnc acct ii|79819||0|2010|450|139|9|71.49|busi
intm fnc acct ii|87497|parker, bryan|0|2015|450|30|6|67.64|busi
intm fnc acct ii|87498|bruce, robert brian|0|2015|450|24|2|72.04|busi
intm fnc acct ii|87499|parker, bryan|0|2015|450|32|2|73.97|busi
intm fnc acct ii|87500|bruce, robert brian|0|2015|450|50|2|73.85|busi
intm fnc acct ii|87501|bruce, robert brian|0|2015|450|30|1|73.87|busi
intm fnc acct ii|87502|bruce, robert brian|0|2015|450|17|1|72.89|busi
intm fnc acct ii|87503||0|2015|450|183|14|72.41|busi
intm fnc acct ii|91399|parker, bryan|0|2009|450|59|7|69.77|busi
intm fnc acct ii|91400|campbell, chuck|0|2009|450|48|1|74.16|busi
intm fnc acct ii|91401||0|2009|450|107|8|71.64|busi
intm fnc acct ii|95606|parker, bryan|0|2011|450|40|5|70.82|busi
intm fnc acct ii|95607|parker, bryan|0|2011|450|16|2|66.78|busi
intm fnc acct ii|95608|parker, bryan|0|2011|450|35|8|65|busi
intm fnc acct ii|95609|parker, bryan|0|2011|450|59|5|71.55|busi
intm fnc acct ii|95610|parker, bryan|0|2011|450|32|7|69.1|busi
intm fnc acct ii|95611|parker, bryan|0|2011|450|13|7|52.4|busi
intm fnc acct ii|95612||0|2011|450|195|34|67.71|busi
