Title|id|Professor|Audit|Year|Course|Pass|Fail|Avg|Subject
power&arts athen|10616|rae, andrea lyn|0|2009|110|48|5|73.17|clst
power&arts athen|10617||0|2009|110|48|5|73.17|clst
gldn age athens|22778|gorrie, charmaine|0|2015|110|44|2|74.11|clst
gldn age athens|22779||0|2015|110|44|2|74.11|clst
gldn age athens|22976|kennell, nigel|0|2014|110|45|3|65.98|clst
gldn age athens|22977||0|2014|110|45|3|65.98|clst
power&arts athen|51161|rae, andrea lyn|0|2010|110|52|3|75.45|clst
power&arts athen|51162||0|2010|110|52|3|75.45|clst
