Title|id|Professor|Audit|Year|Course|Pass|Fail|Avg|Subject
basics comp syst|1282|belleville, patrice|0|2014|261|112|13|68.22|cpsc
basics comp syst|1283||0|2014|261|112|13|68.22|cpsc
basics comp syst|49881|hutchinson, norman|0|2013|261|104|9|69.1|cpsc
basics comp syst|49882||0|2013|261|104|9|69.1|cpsc
basics comp syst|62374|belleville, patrice|0|2015|261|118|12|71.45|cpsc
basics comp syst|62375||0|2015|261|118|12|71.45|cpsc
basics comp syst|83420|hutchinson, norman|0|2012|261|105|17|67.91|cpsc
basics comp syst|83421||0|2012|261|105|17|67.91|cpsc
