Title|id|Professor|Audit|Year|Course|Pass|Fail|Avg|Subject
prep writ career|26204|campbell, deborah|0|2014|430|15|0|90.8|crwr
prep writ career|26205||0|2014|430|15|0|90.8|crwr
prep writ career|46358|campbell, deborah|0|2013|430|12|0|94.08|crwr
prep writ career|46359||0|2013|430|12|0|94.08|crwr
prep writ career|71111|campbell, deborah|0|2012|430|12|0|93|crwr
prep writ career|71112||0|2012|430|12|0|93|crwr
prep writ career|75113|campbell, deborah|0|2015|430|8|0|89.75|crwr
prep writ career|75114||0|2015|430|8|0|89.75|crwr
