Title|id|Professor|Audit|Year|Course|Pass|Fail|Avg|Subject
power syst dynam|6243|dommel, hermann|0|2014|554|10|0|87.9|eece
power syst dynam|6244||0|2014|554|10|0|87.9|eece
power syst dynam|18466|dommel, hermann|0|2015|554|14|0|94.71|eece
power syst dynam|18467||0|2015|554|14|0|94.71|eece
power syst dynam|74899|dommel, hermann|1|2013|554|15|0|90.53|eece
power syst dynam|74900||1|2013|554|15|0|90.53|eece
power syst dynam|76746|dommel, hermann|2|2012|554|13|0|90.46|eece
power syst dynam|76747||2|2012|554|13|0|90.46|eece
