Title|id|Professor|Audit|Year|Course|Pass|Fail|Avg|Subject
ind peo frst lnd|34954|trosper, ronald|0|2010|522|9|0|92.22|frst
ind peo frst lnd|34955||0|2010|522|9|0|92.22|frst
socl commty indg|54986|bulkan, janette|0|2015|522|11|0|87.36|frst
socl commty indg|54987||0|2015|522|11|0|87.36|frst
ind peo frst lnd|59740||1|2008|522|11|0|86.45|frst
ind peo frst lnd|59741||1|2008|522|11|0|86.45|frst
ind peo frst lnd|89627|trosper, ronald|0|2007|522|6|0|87.67|frst
ind peo frst lnd|89628||0|2007|522|6|0|87.67|frst
