Title|id|Professor|Audit|Year|Course|Pass|Fail|Avg|Subject
theory fdtn read|6492|denizot, isabelle|0|2011|552|16|0|86.63|lled
theory fdtn read|6493||0|2011|552|16|0|86.63|lled
theory fdtn read|9618|bournot-trites, monique|0|2012|552|18|0|88.33|lled
theory fdtn read|9619||0|2012|552|18|0|88.33|lled
theory fdtn read|30375||0|2008|552|21|0|86.48|lled
theory fdtn read|30376||0|2008|552|21|0|86.48|lled
theory fdtn read|92730|denizot, isabelle|0|2015|552|22|0|85.55|lled
theory fdtn read|92731||0|2015|552|22|0|85.55|lled
