Title|id|Professor|Audit|Year|Course|Pass|Fail|Avg|Subject
mcr evl dfrm mtl|24267|militzer, matthias|0|2007|578|5|0|81|mtrl
mcr evl dfrm mtl|24268||0|2007|578|5|0|81|mtrl
mcr evl dfrm mtl|40121|alshwawreh, nidal|0|2013|578|4|0|76.25|mtrl
mcr evl dfrm mtl|40122||0|2013|578|4|0|76.25|mtrl
mcr evl dfrm mtl|46217|militzer, matthias;sinclair, chadwick|0|2009|578|5|0|79.8|mtrl
mcr evl dfrm mtl|46218||0|2009|578|5|0|79.8|mtrl
mcr evl dfrm mtl|51952||1|2008|578|3|0|78|mtrl
mcr evl dfrm mtl|51953||2|2008|578|3|0|78|mtrl
