Title|id|Professor|Audit|Year|Course|Pass|Fail|Avg|Subject
orch repertoire|7254|girard, jonathan|0|2015|506|8|0|95.38|musc
orch repertoire|7255||0|2015|506|9|0|95.67|musc
orch repertoire|28841|girard, jonathan|0|2013|506|17|0|92.47|musc
orch repertoire|28842||0|2013|506|17|0|92.47|musc
orch repertoire|93403||0|2008|506|5|0|92|musc
orch repertoire|93404||0|2008|506|5|0|92|musc
orch repertoire|93934|van deursen, john|0|2011|506|6|0|93.33|musc
orch repertoire|93935||0|2011|506|6|0|93.33|musc
