Title|id|Professor|Audit|Year|Course|Pass|Fail|Avg|Subject
fnd chin thought|8464|slingerland, edward|0|2011|371|42|2|73.52|phil
fnd chin thought|8465||0|2011|371|42|2|73.52|phil
fnd chin thought|20438|slingerland, edward|0|2009|371|23|2|74|phil
fnd chin thought|20439||0|2009|371|23|2|74|phil
fnd chin thought|25066|slingerland, edward|0|2010|371|29|0|73.72|phil
fnd chin thought|25067||0|2010|371|29|0|73.72|phil
fnd chin thought|49234|slingerland, edward|0|2013|371|16|1|68.35|phil
fnd chin thought|49235||0|2013|371|16|1|68.35|phil
