Title|id|Professor|Audit|Year|Course|Pass|Fail|Avg|Subject
intmd exp phys 2|437|kotlicki, andrzej|0|2015|229|33|2|78.2|phys
intmd exp phys 2|438|milner, valery|0|2015|229|37|0|88.05|phys
intmd exp phys 2|439|milner, valery|0|2015|229|35|1|81.58|phys
intmd exp phys 2|440||0|2015|229|105|3|82.7|phys
intmd exp phys 2|98730|kotlicki, andrzej|0|2014|229|22|0|82.32|phys
intmd exp phys 2|98731|milner, valery|0|2014|229|29|0|83|phys
intmd exp phys 2|98732|milner, valery|0|2014|229|24|0|84.38|phys
intmd exp phys 2|98733||0|2014|229|75|0|83.24|phys
