Title|id|Professor|Audit|Year|Course|Pass|Fail|Avg|Subject
special study i|19977|busby, cathy|0|2013|370|20|1|84.14|visa
special study i|19978||0|2013|370|20|1|84.14|visa
special study i|52534|claxton, dana|0|2010|370|9|1|74.4|visa
special study i|52535||0|2010|370|9|1|74.4|visa
special study i|53967|busby, cathy;kennedy, garry|0|2015|370|22|0|88.45|visa
special study i|53968||0|2015|370|22|0|88.45|visa
special study i|83327|busby, cathy;kennedy, garry|0|2014|370|18|0|87.78|visa
special study i|83328||0|2014|370|18|0|87.78|visa
